domain,has_ip_address_in_url,has_sus_sign,has_prefix,has_signature,has_icon,long_url,domain_has_https,shortcut_url,has_index,has_sus_port,has_dns_records,short_domain_age,short_domain_registation_length,trusted_ssl_certificate,disabled_right_click,on_mouse_over,multi_web_forward,abnormal_url_anchor,has_emc,has_iframe_hidden,has_nca,high_web_rank,high_domain_rating,label
360.gov.vn,0,0,0,0,1.0,0,0,0,0.0,1,0,1,0,0,0,0,0,0,1,0,1,1,1,0
nchmf.gov.vn,0,0,0,0,0.0,0,0,0,0.0,0,0,0,0,0,0,0,0,0,1,0,1,1,0,0
agi.gov.vn,0,0,0,0,0.0,0,0,0,0.0,1,0,0,0,1,0,0,0,0,1,0,1,1,1,0
agro.gov.vn,0,0,0,0,1.0,0,0,0,0.0,0,0,0,0,1,0,0,0,0,1,0,1,1,1,0
ami.gov.vn,0,0,0,0,1.0,0,0,0,0.0,1,0,0,0,1,0,0,0,0,1,0,1,1,1,0
giayphep.abei.gov.vn,0,0,0,0,1.0,0,0,0,0.0,0,0,0,0,0,0,0,0,0,1,0,1,1,0,0
report.abei.gov.vn,0,0,0,0,1.0,0,0,0,0.0,1,0,0,0,0,0,0,0,0,1,0,1,1,0,0
www.360.gov.vn,0,0,0,0,1.0,0,0,0,0.0,1,0,1,0,0,0,0,0,0,1,0,1,1,1,0
www.agi.gov.vn,0,0,0,0,0.0,0,0,0,0.0,1,0,0,0,1,0,0,0,0,1,0,1,1,1,0
chinhphu.vn,0,0,0,0,0.0,0,0,0,0.0,1,0,0,0,0,0,0,0,0,1,0,1,1,0,0
baochinhphu.vn,0,0,0,0,0.0,0,0,0,0.0,0,0,0,0,0,0,0,0,0,1,1,0,1,0,0
vpcp.chinhphu.vn,0,0,0,0,0.0,0,0,0,0.0,1,0,0,0,0,0,0,0,0,1,1,1,1,0,0
bqp.vn,0,0,0,0,1.0,0,0,0,0.0,1,0,0,0,0,0,0,0,0,1,0,1,1,0,0
mps.gov.vn,0,0,0,0,1.0,0,0,0,0.0,1,0,0,0,0,0,0,0,0,1,0,0,1,0,0
moha.gov.vn,0,0,0,0,0.0,0,0,0,0.0,0,0,0,0,0,0,0,0,0,1,0,0,1,0,0
moj.gov.vn,0,0,0,0,1.0,0,0,0,,1,0,0,0,0,0,0,0,0,1,0,0,1,0,0
www.mof.gov.vn,0,0,0,0,1.0,0,0,0,0.0,0,0,0,0,0,0,0,0,0,1,1,1,1,0,0
moit.gov.vn,0,0,0,0,1.0,0,0,0,0.0,1,0,0,0,0,0,0,0,0,1,0,0,1,0,0
mae.gov.vn,0,0,0,0,1.0,0,0,0,0.0,0,0,0,0,0,0,0,0,0,1,0,1,1,0,0
bvhttdl.gov.vn,0,0,0,0,1.0,0,0,0,0.0,0,0,0,0,0,0,0,0,0,1,0,0,1,0,0
mst.gov.vn,0,0,0,0,0.0,0,0,0,0.0,1,0,0,0,0,0,0,0,0,1,1,0,1,0,0
moet.gov.vn,0,0,0,0,0.0,0,0,0,0.0,0,0,0,0,0,0,0,0,0,1,0,0,1,0,0
moh.gov.vn,0,0,0,0,0.0,0,0,0,0.0,1,0,0,0,0,0,0,0,0,1,0,0,1,0,0
bdttg.gov.vn,0,0,0,0,,0,0,0,0.0,0,0,0,0,0,0,0,0,0,1,0,1,1,1,0
thanhtra.gov.vn,0,0,0,0,1.0,0,0,0,0.0,0,0,0,0,0,0,0,0,0,1,0,1,1,1,0
quochoi.vn,0,0,0,0,1.0,0,0,0,0.0,1,0,0,0,0,0,0,0,0,1,0,0,1,0,0
vneid.gov.vn,0,0,0,0,1.0,0,0,0,0.0,0,0,0,0,0,0,0,0,0,1,1,1,1,0,0
www.nso.gov.vn,0,0,0,0,0.0,0,0,0,0.0,1,0,0,0,0,0,0,0,0,1,1,1,1,0,0
vast.gov.vn,0,0,0,0,,0,0,0,0.0,1,0,0,0,0,0,0,0,0,1,0,0,1,0,0
www.nchmf.gov.vn,0,0,0,0,0.0,0,0,0,0.0,0,0,0,0,0,0,0,0,0,1,0,1,1,0,0
sbv.gov.vn,0,0,0,0,,0,0,0,0.0,0,0,0,0,0,0,0,0,0,1,0,0,1,0,0
hanoi.gov.vn,0,0,0,0,0.0,0,0,0,0.0,0,0,0,0,0,0,0,0,0,1,1,0,1,0,0
www.hochiminhcity.gov.vn,0,0,0,0,1.0,0,0,0,0.0,0,0,0,0,0,0,0,0,0,1,0,1,1,0,0
haiphong.gov.vn,0,0,0,0,0.0,0,0,0,0.0,1,0,0,0,0,0,0,0,0,1,0,0,1,0,0
www.cantho.gov.vn,0,0,0,0,0.0,0,0,0,0.0,0,0,0,0,0,0,0,0,0,1,0,1,1,0,0
dongnai.gov.vn,0,0,0,0,0.0,0,0,0,0.0,0,0,0,0,0,0,0,0,0,1,0,0,1,0,0
bacninh.gov.vn,0,0,0,0,1.0,0,0,0,0.0,0,0,0,0,0,0,0,0,0,1,0,0,1,0,0
caobang.gov.vn,0,0,0,0,0.0,0,0,0,0.0,0,0,0,0,0,0,0,0,0,1,1,0,1,0,0
www.camau.gov.vn,0,0,0,0,0.0,0,0,0,0.0,0,0,0,0,0,0,0,0,0,1,1,1,1,0,0
daklak.gov.vn,0,0,0,0,1.0,0,0,0,0.0,0,0,0,0,0,0,0,0,0,1,1,0,1,0,0
hatinh.gov.vn,0,0,0,0,1.0,0,0,0,0.0,1,0,0,0,0,0,0,0,0,1,0,0,1,0,0
khanhhoa.gov.vn,0,0,0,0,0.0,0,0,0,0.0,0,0,0,0,0,0,0,0,0,1,0,0,1,0,0
laichau.gov.vn,0,0,0,0,1.0,0,0,0,0.0,1,0,0,0,0,0,0,0,0,1,0,0,1,0,0
laocai.gov.vn,0,0,0,0,0.0,0,0,0,0.0,0,0,0,0,0,0,0,0,0,1,0,0,1,0,0
www.lamdong.gov.vn,0,0,0,0,0.0,0,0,0,0.0,1,0,0,0,0,0,0,0,0,1,0,1,1,0,0
langson.gov.vn,0,0,0,0,0.0,0,0,0,0.0,0,0,0,0,0,0,0,0,0,1,0,0,1,0,0
nghean.gov.vn,0,0,0,0,0.0,0,0,0,0.0,0,0,0,0,0,0,0,0,0,1,0,0,1,0,0
ninhbinh.gov.vn,0,0,0,0,0.0,0,0,0,0.0,0,0,0,0,0,0,0,0,0,1,1,1,1,0,0
phutho.gov.vn,0,0,0,0,1.0,0,0,0,0.0,0,0,0,0,0,0,0,0,0,1,0,0,1,0,0
www.quangninh.gov.vn,0,0,0,0,0.0,0,0,0,0.0,0,0,0,0,0,0,0,0,0,1,0,1,1,0,0
www.quangtri.gov.vn,0,0,0,0,1.0,0,0,0,0.0,1,0,0,0,0,0,0,0,0,1,0,1,1,0,0
sonla.gov.vn,0,0,0,0,0.0,0,0,0,0.0,0,0,0,0,0,0,0,0,0,1,1,0,1,0,0
thanhhoa.gov.vn,0,0,0,0,0.0,0,0,0,0.0,0,0,0,0,0,0,0,0,0,1,1,0,1,0,0
thainguyen.gov.vn,0,0,0,0,0.0,0,0,0,0.0,0,0,0,0,0,0,0,0,0,1,0,1,1,0,0
tuyenquang.gov.vn,0,0,0,0,0.0,0,0,0,0.0,1,0,0,0,0,0,0,0,0,1,0,0,1,0,0
tayninh.gov.vn,0,0,0,0,0.0,0,0,0,0.0,0,0,0,0,0,0,0,0,0,1,1,0,1,0,0
nhandan.vn,0,0,0,0,0.0,0,0,0,0.0,1,0,0,0,0,0,0,0,0,1,0,0,1,0,0
www.tapchicongsan.org.vn,0,0,0,0,1.0,0,0,0,0.0,1,0,0,0,0,0,0,0,0,1,1,1,1,0,0
vtv.vn,0,0,0,0,0.0,0,0,0,0.0,1,0,0,0,0,0,0,0,0,1,1,0,1,0,0
cand.vn,0,0,0,0,0.0,0,0,0,0.0,1,0,0,0,0,0,0,0,0,1,0,1,1,0,0
daidoanket.vn,0,0,0,0,1.0,0,0,0,0.0,0,0,0,0,1,0,0,0,0,1,0,1,1,0,0
m.mattran.org.vn,0,0,0,0,0.0,0,0,0,0.0,1,0,0,0,1,0,0,0,0,1,0,1,1,0,0
www.gdt.gov.vn,0,0,0,0,0.0,0,0,0,0.0,0,0,0,0,0,0,0,0,0,1,0,1,1,0,0
dichvucong.moh.gov.vn,0,0,0,0,1.0,0,0,0,0.0,0,0,0,0,0,0,0,0,0,1,0,0,1,0,0
dichvucong.hanoi.gov.vn,0,0,0,0,1.0,0,0,0,0.0,0,0,0,0,0,0,0,0,0,1,1,0,1,0,0
vpcp.dichvucong.gov.vn,0,0,0,0,1.0,0,0,0,0.0,0,0,0,0,0,0,0,0,0,1,0,1,1,0,0
baohiemxahoi.gov.vn,0,0,0,0,1.0,0,0,0,0.0,0,0,0,0,0,0,0,0,0,1,0,0,1,0,0
congdoanvietnam.vn,0,0,0,0,0.0,0,0,0,0.0,0,0,0,0,0,0,0,0,0,1,0,1,1,0,0
phapluat.gov.vn,0,0,0,0,1.0,0,0,0,0.0,1,0,0,0,0,0,0,0,0,1,0,1,1,0,0
www.hsx.vn,0,0,0,0,1.0,0,0,0,0.0,0,0,0,0,0,0,0,0,0,1,0,1,1,0,0
www.pvn.vn,0,0,0,0,0.0,0,0,0,0.0,1,0,0,0,0,0,0,0,0,1,0,1,1,0,0
viettel.vn,0,0,0,0,1.0,0,0,0,0.0,1,0,0,0,0,0,0,0,0,1,0,0,1,0,0
vnpt.vn,0,0,0,0,0.0,0,0,0,0.0,0,0,0,0,0,0,0,0,0,1,0,1,1,0,0
www.vietnamairlines.com,0,0,0,2,0.0,0,0,0,0.0,1,0,0,0,0,0,0,0,0,1,1,1,1,0,0
vinacomin.vn,0,0,0,0,1.0,0,0,0,0.0,0,0,0,0,0,0,0,0,0,1,0,1,1,0,0
kiemsatcaobang.vn,0,0,0,0,0.0,0,0,0,0.0,1,0,0,0,1,0,0,0,0,1,1,0,1,1,0
hubpages.com,0,0,0,2,1.0,0,0,0,0.0,0,0,0,0,1,0,0,0,0,1,0,1,1,0,0
icicibank.com,0,0,0,2,0.0,0,0,0,0.0,0,0,0,0,0,0,0,0,0,1,0,1,1,0,0
nypost.com,0,0,0,2,1.0,0,0,1,0.0,0,0,0,0,1,0,0,0,0,1,1,1,1,0,0
thenextweb.com,0,0,0,2,1.0,0,0,0,0.0,1,0,0,0,1,0,0,0,0,1,0,1,1,0,0
akhbarelyom.com,0,0,0,2,0.0,0,0,0,0.0,1,0,0,0,1,0,0,0,0,1,1,1,1,0,0
tunein.com,0,0,0,2,0.0,0,0,0,0.0,1,0,0,0,1,0,0,0,0,1,1,1,1,0,0
tune.pk,0,0,0,1,1.0,0,0,0,0.0,1,0,0,0,1,0,0,0,0,1,0,1,1,0,0
mic.com,0,0,0,2,1.0,0,0,0,0.0,0,0,0,0,1,0,0,0,0,1,1,1,1,0,0
venturebeat.com,0,0,0,2,1.0,0,0,1,0.0,0,0,0,0,1,0,0,0,0,1,0,1,1,0,0
allegro.pl,0,0,0,1,,0,0,0,0.0,0,0,0,0,0,0,0,0,0,1,0,1,1,0,0
tinnhanh360.net,0,0,0,2,1.0,0,0,0,0.0,0,0,0,0,0,0,0,0,0,1,0,1,1,1,0
metro.co.uk,0,0,0,1,1.0,0,0,0,0.0,0,0,0,0,1,0,0,0,0,1,1,1,1,0,0
nguyentandung.org,0,0,0,2,0.0,0,0,0,0.0,1,0,0,0,1,0,0,0,0,1,0,1,1,1,0
motthegioi.vn,0,0,0,0,1.0,0,0,0,0.0,1,0,0,0,1,0,0,0,0,1,1,1,1,0,0
torcache.net,0,0,0,2,1.0,0,0,0,0.0,0,0,0,0,1,0,0,0,0,1,0,1,1,1,0
depositphotos.com,0,0,0,2,1.0,0,0,0,0.0,0,0,0,0,0,0,0,0,0,1,1,1,1,0,0
serverfault.com,0,0,0,2,1.0,0,0,1,0.0,1,0,0,0,1,0,0,0,0,1,0,1,1,0,0
kakaku.com,0,0,0,2,1.0,0,0,0,0.0,1,0,0,0,0,0,0,0,0,1,1,1,1,0,0
indianexpress.com,0,0,0,2,1.0,0,0,0,0.0,0,0,0,0,0,0,0,0,0,1,1,1,1,0,0
distractify.com,0,0,0,2,0.0,0,0,0,0.0,0,0,0,0,1,0,0,0,0,1,0,1,1,0,0
sourceforge.net,0,0,0,2,1.0,0,0,0,0.0,1,0,0,0,1,0,0,0,0,1,1,1,1,0,0
cookpad.com,0,0,0,2,0.0,0,0,0,0.0,0,0,0,0,1,0,0,0,0,1,0,1,1,0,0
plarium.com,0,0,0,2,1.0,0,0,0,0.0,1,0,0,0,1,0,0,0,0,1,1,1,1,0,0
grantland.com,0,0,0,2,0.0,0,0,0,0.0,0,0,0,0,1,0,0,0,0,1,1,1,1,0,0
kenh14.vn,0,0,0,0,0.0,0,0,0,0.0,1,0,0,0,0,0,0,0,0,1,1,1,1,0,0
twitter.com,0,0,0,2,1.0,0,0,0,0.0,1,0,0,0,1,0,0,0,0,1,0,1,1,0,0
nesn.com,0,0,0,2,1.0,0,0,0,0.0,1,0,0,0,1,0,0,0,0,1,0,1,1,0,0
syosetu.com,0,0,0,2,1.0,0,0,0,0.0,0,0,0,0,1,0,0,0,0,1,1,1,1,0,0
getpocket.com,0,0,0,2,1.0,0,0,1,0.0,0,0,0,0,1,0,0,1,0,1,0,1,1,0,0
mylust.com,0,0,0,2,1.0,0,0,1,0.0,1,0,0,0,1,0,0,0,0,1,0,1,1,1,0
censor.net.ua,0,0,0,1,1.0,0,0,0,0.0,1,0,0,0,1,0,0,0,0,1,0,1,1,0,0
pornsharing.com,0,0,0,2,1.0,0,0,0,0.0,0,0,0,0,1,0,0,0,0,1,0,1,1,1,0
genius.com,0,0,0,2,1.0,0,0,0,0.0,1,0,0,0,1,0,0,0,0,1,0,1,1,0,0
codecanyon.net,0,0,0,2,1.0,0,0,0,0.0,1,0,0,0,1,0,0,0,0,1,0,1,1,0,0
qz.com,0,0,0,2,1.0,0,0,0,0.0,1,0,0,0,1,0,0,0,0,1,1,1,1,0,0
uproxx.com,0,0,0,2,0.0,0,0,1,0.0,0,0,0,0,1,0,0,0,0,1,0,1,1,0,0
paytm.com,0,0,0,2,1.0,0,0,0,0.0,1,0,0,0,0,0,0,0,0,1,1,1,1,0,0
ap.org,0,0,0,2,1.0,0,0,0,0.0,1,0,0,0,0,0,0,0,0,1,1,1,1,0,0
correios.com.br,0,0,0,1,1.0,0,0,0,0.0,0,0,0,0,0,0,0,0,0,1,0,1,1,0,0
bdnews24.com,0,0,0,2,0.0,0,0,0,0.0,1,0,0,0,1,0,0,0,0,1,1,1,1,0,0
chaturbate.com,0,0,0,2,0.0,0,0,0,0.0,1,0,0,0,0,0,0,0,0,1,1,1,1,0,0
jalopnik.com,0,0,0,2,0.0,0,0,0,0.0,0,0,0,0,1,0,0,0,0,1,1,1,1,0,0
techcrunch.com,0,0,0,2,1.0,0,0,0,0.0,0,0,0,0,1,0,0,0,0,1,1,1,1,0,0
arstechnica.com,0,0,0,2,1.0,0,0,0,0.0,1,0,0,0,1,0,0,0,0,1,0,1,1,0,0
searchengineland.com,0,0,0,2,1.0,0,0,0,0.0,1,0,0,0,1,0,0,0,0,1,0,1,1,0,0
lifehacker.com,0,0,0,2,1.0,0,0,0,0.0,1,0,0,0,1,0,0,0,0,1,1,1,1,0,0
buzzfil.net,0,0,0,2,,0,0,0,0.0,1,0,0,0,1,0,0,0,0,1,0,1,1,1,0
jezebel.com,0,0,0,2,0.0,0,0,0,0.0,1,0,0,0,1,0,0,0,0,1,1,1,1,0,0
seekingalpha.com,0,0,0,2,1.0,0,0,0,0.0,0,0,0,0,0,0,0,0,0,1,1,1,1,0,0
web.tv,0,0,0,1,0.0,0,0,0,0.0,1,0,0,0,0,0,0,0,0,1,1,1,1,0,0
squarespace.com,0,0,0,2,1.0,0,0,0,0.0,0,0,0,0,0,0,0,0,0,1,0,1,1,0,0
privatbank.ua,0,0,0,1,0.0,0,0,0,0.0,0,0,0,0,1,0,0,0,0,1,1,1,1,0,0
perezhilton.com,0,0,0,2,1.0,0,0,0,0.0,1,0,0,0,1,0,0,0,0,1,1,1,1,0,0
deadspin.com,0,0,0,2,1.0,0,0,0,0.0,1,0,0,0,1,0,0,0,0,1,1,1,1,0,0
udn.com,0,0,0,2,1.0,0,0,0,0.0,0,0,0,0,0,0,0,0,0,1,1,1,1,0,0
bestblackhatforum.com,0,0,0,2,1.0,0,0,0,0.0,1,0,0,0,1,0,0,0,0,1,0,1,1,1,0
quizlet.com,0,0,0,2,1.0,0,0,1,0.0,1,0,0,0,1,0,0,0,0,1,1,1,1,0,0
pitchfork.com,0,0,0,2,0.0,0,0,0,0.0,0,0,0,0,1,0,0,0,0,1,1,1,1,0,0
elitedaily.com,0,0,0,2,1.0,0,0,0,0.0,0,0,0,0,1,0,0,0,0,1,1,1,1,0,0
interpark.com,0,0,0,2,1.0,0,0,0,0.0,0,0,0,0,1,0,0,0,0,1,1,1,1,0,0
gtbank.com,0,0,0,2,1.0,0,0,0,0.0,1,0,0,0,0,0,0,0,0,1,1,1,1,0,0
onedio.com,0,0,0,2,0.0,0,0,0,0.0,0,0,0,0,1,0,0,0,0,1,1,1,1,0,0
hollywoodlife.com,0,0,0,2,1.0,0,0,0,0.0,1,0,0,0,1,0,0,0,0,1,1,1,1,0,0
thechive.com,0,0,0,2,1.0,0,0,0,0.0,0,0,0,0,1,0,0,0,0,1,1,1,1,0,0
variety.com,0,0,0,2,0.0,0,0,0,0.0,0,0,0,0,1,0,0,0,0,1,1,1,1,0,0
otomoto.pl,0,0,0,1,1.0,0,0,0,0.0,0,0,0,0,1,0,0,0,0,1,1,1,1,0,0
superuser.com,0,0,0,2,1.0,0,0,0,0.0,1,0,0,0,1,0,0,0,0,1,1,1,1,0,0
kotaku.com,0,0,0,2,1.0,0,0,0,0.0,1,0,0,0,1,0,0,0,0,1,0,1,1,0,0
stackoverflow.com,0,0,0,2,1.0,0,0,0,0.0,1,0,0,0,1,0,0,0,0,1,0,1,1,0,0
aljazeera.net,0,0,0,2,0.0,0,0,0,,0,0,0,0,0,0,0,0,0,1,1,1,1,0,0
wpengine.com,0,0,0,2,1.0,0,0,0,,1,0,0,0,1,0,0,0,0,1,1,1,1,0,0
prezi.com,0,0,0,2,1.0,0,0,0,0.0,0,0,0,0,1,0,0,0,0,1,1,1,1,0,0
mashable.com,0,0,0,2,1.0,0,0,0,0.0,1,0,0,0,1,0,0,0,0,1,1,1,1,0,0
yourlust.com,0,0,0,2,1.0,0,0,1,0.0,1,0,0,0,1,0,0,0,0,1,0,1,1,1,0
patch.com,0,0,0,2,1.0,0,0,0,0.0,0,0,0,0,1,0,0,0,0,1,1,1,1,0,0
haberler.com,0,0,0,2,0.0,0,0,0,0.0,1,0,0,0,1,0,0,0,0,1,1,1,1,0,0
dantri.com.vn,0,0,0,0,0.0,0,0,0,0.0,0,0,0,0,0,0,0,0,0,1,1,0,1,0,0
askubuntu.com,0,0,0,2,1.0,0,0,0,0.0,1,0,0,0,1,0,0,0,0,1,1,1,1,0,0
espn.go.com,0,0,0,2,1.0,0,0,0,0.0,0,0,0,0,0,0,0,0,0,1,1,1,1,0,0
telegraf.com.ua,0,0,0,1,1.0,0,0,0,0.0,1,0,0,0,1,0,0,0,0,1,0,1,1,0,0
nymag.com,0,0,0,2,1.0,0,0,0,0.0,0,0,0,0,0,0,0,0,0,1,1,1,1,0,0
slickdeals.net,0,0,0,2,1.0,0,0,0,0.0,1,0,0,0,1,0,0,0,0,1,0,1,1,0,0
hdfcbank.com,0,0,0,2,0.0,0,0,0,0.0,1,0,0,0,0,0,0,0,0,1,1,1,1,0,0
bleacherreport.com,0,0,0,2,1.0,0,0,1,0.0,0,0,0,0,1,0,0,0,0,1,0,1,1,0,0
digg.com,0,0,0,2,1.0,0,0,0,,0,0,0,0,1,0,0,0,0,1,0,1,1,0,0
slashdot.org,0,0,0,2,0.0,0,0,0,0.0,1,0,0,0,1,0,0,0,0,1,1,1,1,0,0
doodle.com,0,0,0,2,0.0,0,0,0,0.0,1,0,0,0,1,0,0,0,0,1,0,1,1,0,0
wikimapia.org,0,0,0,2,1.0,0,0,0,0.0,1,0,0,0,1,0,0,0,0,1,0,1,1,0,0
themeforest.net,0,0,0,2,1.0,0,0,0,0.0,1,0,0,0,1,0,0,0,0,1,0,1,1,0,0
cheezburger.com,0,0,0,2,1.0,0,0,0,0.0,1,0,0,0,0,0,0,0,0,1,0,1,1,0,0
io9.com,0,0,0,2,1.0,0,0,0,0.0,1,0,0,0,1,0,0,0,0,1,0,1,1,0,0
allrecipes.com,0,0,0,2,1.0,0,0,0,0.0,1,0,0,0,1,0,0,0,0,1,1,1,1,0,0
rt.com,0,0,0,2,0.0,0,0,1,0.0,0,0,0,0,1,0,0,0,0,1,1,1,1,0,0
iconosquare.com,0,0,0,2,1.0,0,0,0,0.0,1,0,0,0,1,0,0,0,0,1,0,1,1,0,0
mentalfloss.com,0,0,0,2,1.0,0,0,0,0.0,0,0,0,0,1,0,0,0,0,1,1,1,1,0,0
diply.com,0,0,0,2,1.0,0,0,0,0.0,1,0,0,0,1,0,0,0,0,1,1,1,1,0,0
gizmodo.com,0,0,0,2,1.0,0,0,0,0.0,1,0,0,0,1,0,0,0,0,1,0,1,1,0,0
esporte.uol.com.br,0,0,0,1,,0,0,0,0.0,0,0,0,0,0,0,0,0,0,1,1,1,1,0,0
ifttt.com,0,0,0,2,1.0,0,0,1,0.0,0,0,0,0,1,0,0,0,0,1,0,1,1,0,0
abcnews.go.com,0,0,0,2,0.0,0,0,0,0.0,0,0,0,0,1,0,0,0,0,1,0,1,1,0,0
mediaset.it,0,0,0,1,1.0,0,0,0,0.0,0,0,0,0,1,0,0,0,0,1,1,1,1,0,0
evernote.com,0,0,0,2,1.0,0,0,0,0.0,0,0,0,0,1,0,0,0,0,1,0,1,1,0,0
steamcommunity.com,0,0,0,2,0.0,0,0,0,0.0,0,0,0,0,1,0,0,0,0,1,0,1,1,0,0
lastpass.com,0,0,0,2,0.0,0,0,0,0.0,0,0,0,0,0,0,0,0,0,1,0,1,1,0,0
irecommend.ru,0,0,0,1,1.0,0,0,0,0.0,1,0,0,0,1,0,0,0,0,1,0,1,1,0,0
livestream.com,0,0,0,2,0.0,0,0,0,0.0,1,0,0,0,1,0,0,0,0,1,0,1,1,0,0
abc.go.com,0,0,0,2,0.0,0,0,0,0.0,0,0,0,0,1,0,0,0,0,1,0,1,1,0,0
likemag.com,0,0,0,2,0.0,0,0,0,0.0,0,0,0,0,1,0,0,0,0,1,1,1,1,1,0
unity3d.com,0,0,0,2,,0,0,0,0.0,0,0,0,0,0,0,0,0,0,1,0,1,1,0,0
xueqiu.com,0,0,0,2,1.0,0,0,0,0.0,1,0,0,0,0,0,0,0,0,1,0,1,1,0,0
cox.com,0,0,0,2,1.0,0,0,1,0.0,1,0,0,0,0,0,0,0,0,1,0,1,1,0,0
css-tricks.com,0,0,1,2,1.0,0,0,0,0.0,1,0,0,0,1,0,0,0,0,1,1,1,1,0,0
tebyan.net,0,0,0,2,0.0,0,0,0,0.0,0,0,0,0,0,0,0,0,0,1,1,1,1,0,0
megogo.net,0,0,0,2,0.0,0,0,0,,0,0,0,0,0,0,0,0,0,1,1,1,1,0,0
anysex.com,0,0,0,2,1.0,0,0,1,0.0,1,0,0,0,1,0,0,0,0,1,0,1,1,0,0
sputniknews.com,0,0,0,2,0.0,0,0,0,0.0,0,0,0,0,1,0,0,0,0,1,1,1,1,0,0
auto.ru,0,0,0,1,1.0,0,0,0,0.0,0,0,0,0,0,0,0,0,0,1,0,1,1,0,0
stackexchange.com,0,0,0,2,1.0,0,0,0,0.0,1,0,0,0,1,0,0,0,0,1,0,1,1,0,0
bitbucket.org,0,0,0,2,1.0,0,0,0,0.0,0,0,0,0,1,0,0,0,0,1,1,1,1,0,0
rocketnews24.com,0,0,0,2,1.0,0,0,0,0.0,0,0,0,0,1,0,0,0,0,1,1,1,1,0,0
marvel.com,0,0,0,2,1.0,0,0,0,0.0,0,0,0,0,1,0,0,0,0,1,1,1,1,0,0
eksisozluk.com,0,0,0,2,1.0,0,0,0,0.0,1,0,0,0,1,0,0,0,0,1,1,1,1,0,0
vnexpress.net,0,0,0,2,1.0,0,0,0,0.0,0,0,0,0,0,0,0,0,0,1,1,0,1,0,0
gawker.com,0,0,0,2,1.0,0,0,0,0.0,0,0,0,0,1,0,0,0,0,1,1,1,1,0,0
dropbooks.tv,0,0,0,1,1.0,0,0,0,0.0,1,0,0,0,1,0,0,0,0,1,0,1,1,1,0
pchome.com.tw,0,0,0,1,0.0,0,0,0,0.0,0,0,0,0,0,0,0,0,0,1,1,1,1,0,0
shareba.com,0,0,0,2,0.0,0,0,0,0.0,1,0,0,0,1,0,0,0,0,1,0,1,1,1,0
2gis.ru,0,0,0,1,1.0,0,0,0,0.0,0,0,0,0,0,0,0,0,0,1,1,1,1,0,0
skyrock.com,0,0,0,2,1.0,0,0,0,0.0,0,0,0,0,1,0,0,0,0,1,1,1,1,0,0
hootsuite.com,0,0,0,2,0.0,0,0,0,0.0,0,0,0,0,1,0,0,0,0,1,1,1,1,0,0
taboola.com,0,0,0,2,1.0,0,0,0,0.0,0,0,0,0,0,0,0,0,0,1,1,1,1,0,0
conservativetribune.com,0,0,0,2,1.0,0,0,0,0.0,1,0,0,0,1,0,0,0,0,1,0,1,1,1,0
giphy.com,0,0,0,2,1.0,0,0,0,0.0,0,0,0,0,0,0,0,0,0,1,1,1,1,0,0
bluegape.com,0,0,0,2,1.0,0,0,0,0.0,1,0,0,0,1,0,0,0,0,1,0,1,1,1,0
fc2.com,0,0,0,2,0.0,0,0,0,0.0,0,0,0,0,0,0,0,0,0,1,1,1,1,0,0
soundcloud.com,0,0,0,2,1.0,0,0,0,0.0,0,0,0,0,1,0,0,0,0,1,1,1,1,0,0
ero-video.net,0,0,1,2,0.0,0,0,0,0.0,0,0,0,0,0,0,0,0,0,1,0,1,1,0,0
screencast.com,0,0,0,2,0.0,0,0,1,0.0,1,0,0,0,0,0,0,0,0,1,1,1,1,0,0
ahrefs.com,0,0,0,2,1.0,0,0,0,0.0,1,0,0,0,1,0,0,0,0,1,1,1,1,0,0
teespring.com,0,0,0,2,1.0,0,0,0,0.0,1,0,0,0,1,0,0,0,0,1,1,1,1,0,0
9gag.tv,0,0,0,1,1.0,0,0,0,0.0,1,0,0,0,1,0,0,0,0,1,0,1,1,1,0
dribbble.com,0,0,0,2,1.0,0,0,0,0.0,0,0,0,0,1,0,0,0,0,1,0,1,1,0,0
watch-series-tv.to,0,0,1,1,1.0,0,0,0,0.0,1,0,0,0,1,0,0,0,0,1,1,1,1,1,0
wordpress.org,0,0,0,2,1.0,0,0,0,0.0,0,0,0,0,1,0,0,0,0,1,0,1,1,0,0
instagram.com,0,0,0,2,0.0,0,0,0,0.0,0,0,0,0,0,0,0,0,0,1,0,1,1,0,0
sprint.com,0,0,0,2,1.0,0,0,1,0.0,0,0,0,0,0,0,0,0,0,1,0,1,1,0,0
foursquare.com,0,0,0,2,1.0,0,0,0,0.0,0,0,0,0,1,0,0,0,0,1,0,1,1,0,0
creativemarket.com,0,0,0,2,1.0,0,0,1,0.0,1,0,0,0,1,0,0,0,0,1,0,1,1,0,0
wmaraci.com,0,0,0,2,1.0,0,0,0,0.0,1,0,0,0,1,0,0,0,0,1,1,1,1,0,0
nametests.com,0,0,0,2,1.0,0,0,0,0.0,1,0,0,0,1,0,0,0,0,1,0,1,1,1,0
pinterest.com,0,0,0,2,1.0,0,0,1,0.0,0,0,0,0,0,0,0,0,0,1,1,1,1,0,0
amoory.com,0,0,0,2,1.0,0,0,0,0.0,1,0,0,0,1,0,0,0,0,1,1,1,1,1,0
archive.org,0,0,0,2,1.0,0,0,0,0.0,0,0,0,0,1,0,0,0,0,1,0,1,1,0,0
bgr.com,0,0,0,2,0.0,0,0,0,0.0,0,0,0,0,1,0,0,0,0,1,1,1,1,0,0
coccoc.com,0,0,0,2,1.0,0,0,0,0.0,0,0,0,0,0,0,0,0,0,1,0,1,1,0,0
worldoftanks.ru,0,0,0,1,1.0,0,0,0,,0,0,0,0,1,0,0,0,0,1,1,1,1,0,0
kizi.com,0,0,0,2,0.0,0,0,0,0.0,1,0,0,0,1,0,0,0,0,1,1,1,1,0,0
filehippo.com,0,0,0,2,1.0,0,0,0,0.0,0,0,0,0,1,0,0,0,0,1,1,1,1,0,0
faithtap.com,0,0,0,2,1.0,0,0,0,0.0,0,0,0,0,1,0,0,0,0,1,1,1,1,1,0
subscene.com,0,0,0,2,1.0,0,0,0,0.0,1,0,0,0,1,0,0,0,0,1,1,1,1,0,0
h2porn.com,0,0,0,2,1.0,0,0,0,0.0,1,0,0,0,1,0,0,0,0,1,0,1,1,1,0
alohatube.com,0,0,0,2,0.0,0,0,0,0.0,1,0,0,0,2,0,0,0,0,1,0,1,1,1,0
www.agribank.com.vn,0,0,0,0,0.0,0,0,0,0.0,0,0,0,0,0,0,0,0,0,1,1,1,1,0,0
www.bidv.com.vn,0,0,0,0,1.0,0,0,0,0.0,0,0,0,0,0,0,0,0,0,1,1,1,1,0,0
www.vietcombank.com.vn,0,0,0,0,,0,0,0,0.0,0,0,0,0,0,0,0,0,0,1,1,0,1,0,0
www.vietinbank.vn,0,0,0,0,1.0,0,0,0,0.0,0,0,0,0,0,0,0,0,0,1,1,1,1,0,0
div.gov.vn,0,0,0,0,1.0,0,0,0,0.0,1,0,0,0,0,0,0,0,0,1,1,1,1,0,0
sbvamc.vn,0,0,0,0,1.0,0,0,0,0.0,1,0,0,0,0,0,0,0,0,1,1,1,1,1,0
www.abbank.vn,0,0,0,0,1.0,0,0,0,0.0,0,0,0,0,0,0,0,0,0,1,1,1,1,0,0
www.acb.com.vn,0,0,0,0,0.0,0,0,0,0.0,0,0,0,0,0,0,0,0,0,1,0,1,1,0,0
www.baca-bank.vn,0,0,1,0,1.0,0,0,0,0.0,1,0,0,0,1,0,0,0,0,1,0,1,1,0,0
bvbank.net.vn,0,0,0,0,1.0,0,0,0,0.0,0,0,0,0,0,0,0,0,0,1,0,1,1,1,0
www.baovietbank.vn,0,0,0,0,1.0,0,0,0,0.0,0,0,0,0,0,0,0,0,0,1,1,1,1,1,0
vcbneo.com.vn,0,0,0,0,0.0,0,0,0,0.0,0,0,0,0,0,0,0,0,0,1,1,1,1,1,0
eximbank.com.vn,0,0,0,0,1.0,0,0,0,0.0,0,0,0,0,0,0,0,0,0,1,1,1,1,0,0
www.hdbank.com.vn,0,0,0,0,1.0,0,0,0,0.0,0,0,0,0,0,0,0,0,0,1,1,1,1,0,0
kienlongbank.com,0,0,0,2,0.0,0,0,0,0.0,0,0,0,0,1,0,0,0,0,1,1,1,1,0,0
mbbank.com.vn,0,0,0,0,1.0,0,0,0,0.0,1,0,0,0,0,0,0,0,0,1,1,1,1,0,0
www.msb.com.vn,0,0,0,0,1.0,0,0,0,0.0,0,0,0,0,0,0,0,0,0,1,0,1,1,0,0
lpbank.com.vn,0,0,0,0,0.0,0,0,0,0.0,0,0,0,0,0,0,0,0,0,1,1,1,1,0,0
www.namabank.com.vn,0,0,0,0,1.0,0,0,0,0.0,0,0,0,0,0,0,0,0,0,1,0,1,1,0,0
www.ncb-bank.vn,0,0,1,0,1.0,0,0,0,0.0,1,0,0,0,0,0,0,0,0,1,1,1,1,0,0
www.pvcombank.com.vn,0,0,0,0,0.0,0,0,0,,0,0,0,0,0,0,0,0,0,1,1,1,1,0,0
www.ocb.com.vn,0,0,0,0,0.0,0,0,0,0.0,0,0,0,0,0,0,0,0,0,1,0,1,1,0,0
www.sacombank.com.vn,0,0,0,0,0.0,0,0,0,0.0,0,0,0,0,0,0,0,0,0,1,1,1,1,0,0
www.saigonbank.com.vn,0,0,0,0,1.0,0,0,0,0.0,1,0,0,0,0,0,0,0,0,1,0,1,1,1,0
www.scb.com.vn,0,0,0,0,0.0,0,0,0,0.0,0,0,0,0,0,0,0,0,0,1,0,1,1,0,0
www.seabank.com.vn,0,0,0,0,1.0,0,0,0,0.0,0,0,0,0,0,0,0,0,0,1,0,1,1,0,0
www.shb.com.vn,0,0,0,0,1.0,0,0,0,0.0,1,0,0,0,0,0,0,0,0,1,1,1,1,0,0
www.sc.com,0,0,0,2,1.0,0,0,0,0.0,1,0,0,0,0,0,0,0,0,1,1,1,1,0,0
www.vib.com.vn,0,0,0,0,0.0,0,0,0,0.0,0,0,0,0,0,0,0,0,0,1,1,1,1,0,0
www.vietabank.com.vn,0,0,0,0,0.0,0,0,0,0.0,1,0,0,0,0,0,0,0,0,1,0,1,1,1,0
www.vietbank.com.vn,0,0,0,0,1.0,0,0,0,0.0,0,0,0,0,0,0,0,0,0,1,1,1,1,0,0
www.vpbank.com.vn,0,0,0,0,1.0,0,0,0,0.0,1,0,0,0,0,0,0,0,0,1,1,1,1,0,0
www.hdsaison.com.vn,0,0,0,0,1.0,0,0,0,0.0,0,0,0,0,0,0,0,0,0,1,0,1,1,0,0
homecredit.vn,0,0,0,0,1.0,0,0,0,0.0,0,0,0,0,0,0,0,0,0,1,1,1,1,0,0
mcredit.com.vn,0,0,0,0,1.0,0,0,1,0.0,0,0,0,0,1,0,0,0,0,1,0,1,1,1,0
lottefinance.vn,0,0,0,0,1.0,0,0,0,0.0,0,0,0,0,0,0,0,0,0,1,0,1,1,1,0
momo.vn,0,0,0,0,0.0,0,0,0,0.0,0,0,0,0,0,0,0,0,0,1,0,0,1,0,0
www.napas.com.vn,0,0,0,0,0.0,0,0,0,0.0,1,0,0,0,1,0,0,0,0,1,1,1,1,0,0
www.payoo.vn,0,0,0,0,1.0,0,0,0,0.0,0,0,0,0,0,0,0,0,0,1,0,1,1,0,0
vnpost.vn,0,0,0,0,1.0,0,0,0,0.0,1,0,0,0,0,0,0,0,0,1,1,1,1,0,0
vnpay.vn,0,0,0,0,1.0,0,0,0,0.0,0,0,0,0,0,0,0,0,0,1,0,1,1,0,0
zalopay.vn,0,0,0,0,1.0,0,0,0,0.0,0,0,0,0,0,0,0,0,0,1,0,1,1,0,0
shopee.vn,0,0,0,0,1.0,0,0,0,0.0,0,0,0,0,0,0,0,0,0,1,1,1,1,0,0
www.lazada.vn,0,0,0,0,0.0,0,0,0,0.0,0,0,0,0,0,0,0,0,0,1,1,1,1,0,0
www.kiotviet.vn,0,0,0,0,1.0,0,0,0,0.0,1,0,0,0,0,0,0,0,0,1,0,1,1,0,0
www.mfast.vn,0,0,0,0,0.0,0,0,0,0.0,0,0,0,0,1,0,0,0,0,1,0,1,1,1,0
www.mobifone.vn,0,0,0,0,0.0,0,0,0,0.0,1,0,0,0,0,0,0,0,0,1,1,1,1,0,0
apollogix.com,0,0,0,2,1.0,0,0,1,0.0,1,0,0,0,1,0,0,0,0,1,0,1,1,1,0
wonderlinkvn.com,0,0,0,2,1.0,0,0,0,0.0,1,0,1,0,1,0,0,0,0,1,0,1,1,1,0
icircling.com,0,0,0,2,1.0,0,0,0,0.0,0,0,0,0,1,0,0,0,0,1,0,1,1,1,0
bienxanhlog.com,0,0,0,2,1.0,0,0,0,0.0,0,0,1,0,1,0,0,0,0,1,0,1,1,1,0
www.nguyenngoc.vn,0,0,0,0,1.0,0,0,0,0.0,1,0,0,0,1,0,0,0,0,1,0,1,1,1,0
hdl.vn,0,0,0,0,1.0,0,0,0,0.0,1,0,0,0,1,0,0,0,0,1,0,1,1,1,0
www.logship.vn,0,0,0,0,1.0,0,0,0,0.0,1,0,0,0,1,0,0,0,0,1,0,1,1,1,0
www.stella-logistics.com,0,0,1,2,1.0,0,0,0,0.0,1,0,1,0,1,0,0,0,0,1,0,1,1,1,0
fadosolution.com,0,0,0,2,1.0,0,0,0,0.0,0,0,0,0,1,0,0,0,0,1,0,1,1,1,0
hvaexpress.vn,0,0,0,0,1.0,0,0,0,0.0,0,0,0,0,1,0,0,0,0,1,0,1,1,1,0
saigonnewport.com.vn,0,0,0,0,0.0,0,0,1,0.0,0,0,0,0,0,0,0,0,0,1,1,1,1,0,0
immigration.gov.vn,0,0,0,0,1.0,0,0,0,0.0,0,0,0,0,0,0,0,0,0,1,0,0,1,0,0
